Chats,id
 hey,g8rman21 
 how u today ,g8rman21 
 hi,princesskimmie1992 
 hey there princess,g8rman21 
 hehe,g8rman21 
 how u today,g8rman21 
 good u,princesskimmie1992 
 good,g8rman21 
 where u from,g8rman21 
 in fl,g8rman21 
 cam?,g8rman21 
 or pics?,g8rman21 
 i got some pics on my pro,princesskimmie1992 
 a/s/l,princesskimmie1992 
 my net isnt workin,g8rman21 
 21 m gainesville,g8rman21 
 u?,g8rman21 
 14/f/fla,princesskimmie1992 
 oh a youngn,g8rman21 
 hehe,g8rman21 
 still awfully cute,g8rman21 
 im not that young,princesskimmie1992 
 ty,princesskimmie1992 
 got ne others u can put on display image,g8rman21 
 i got sum on my album,princesskimmie1992 
 thyrs a linky on my pro 2,princesskimmie1992 
 my net isnt workin,g8rman21 
 what u meen,princesskimmie1992 
 i cant get on the internet,g8rman21 
 im is only thing workin,g8rman21 
 oic,princesskimmie1992 
 thats why i wanted u to put some on display image,g8rman21 
 oh,princesskimmie1992 
 lemme look,princesskimmie1992 
 ok,g8rman21 
 u def dont look 14,g8rman21 
 fromthis pic neway,g8rman21 
 ty,princesskimmie1992 
 brb,princesskimmie1992 
 ok,g8rman21 
 let me know when ur gonna put a pic up,g8rman21 
 sry im bak,princesskimmie1992 
 ok,g8rman21 
 whats ur name,princesskimmie1992 
 anthony,g8rman21 
 u?,g8rman21 
 kimmie,princesskimmie1992 
 jsut tony tho if u want,g8rman21 
 oh yea,g8rman21 
 duh,g8rman21 
 hehe,g8rman21 
 so got some sexy pics for me,g8rman21 
 hehe,g8rman21 
 lol,princesskimmie1992 
 i dont got ne sexy ones,princesskimmie1992 
 i know,g8rman21 
 u have some tho,g8rman21 
 ?,g8rman21 
 or at least a couple others,g8rman21 
 u show me first,princesskimmie1992 
 i have one on display image,g8rman21 
 i cant see it,princesskimmie1992 
 umm its not there,g8rman21 
 ?,g8rman21 
 no i dont see it,princesskimmie1992 
 here ill try this,g8rman21 
 see if it asks u to accept something,g8rman21 
 yes no?,g8rman21 
 there isnt nething,princesskimmie1992 
 hmmm,g8rman21 
 i dont know why its not workin,g8rman21 
 what ru tryin 2 do,princesskimmie1992 
 send a file,g8rman21 
 i dont see it,princesskimmie1992 
 it wont work tho,g8rman21 
 my net is all messed up,g8rman21 
 u gotta have some good pics tho,g8rman21 
 hmmm,g8rman21 
 u added me as a friend,g8rman21 
 yay,g8rman21 
 YAY!!,g8rman21 
 jk,g8rman21 
 hehe,g8rman21 
 oh wait thqat wasnt u,g8rman21 
 hmmm,g8rman21 
 someone jsut added me as a friend but dont know who it was,g8rman21 
 i added u,princesskimmie1992 
 i meant before u,g8rman21 
 oh,princesskimmie1992 
 hmmm,g8rman21 
 hehe no idea,g8rman21 
 u talkin 2 lotsa peeps?,princesskimmie1992 
 no it was someone i wasnt talkin to,g8rman21 
 not sure,g8rman21 
 so how bout thsat pic,g8rman21 
 hehe,g8rman21 
 i sent u a share,princesskimmie1992 
 my share thing doesnt work,g8rman21 
 can u put it on ur display image,g8rman21 
 jsut change them out,g8rman21 
 ??,g8rman21 
 what?,princesskimmie1992 
 ur pics on display image,g8rman21 
 i dont wanna change it,princesskimmie1992 
 oh come on girl...jsut a sec,g8rman21 
 so i can see,g8rman21 
 i tried 2 send them 2 u,princesskimmie1992 
 i cant share or nething remember,g8rman21 
 why not,princesskimmie1992 
 my net doesnt work right,g8rman21 
 why not,princesskimmie1992 
 somethin is wrong with my comp,g8rman21 
 cant u fix it,princesskimmie1992 
 its faster neway,g8rman21 
 i dont know whats wrong,g8rman21 
 its faster neway the ither way,g8rman21 
 cant u see the one i got on there,princesskimmie1992 
 yes i said ur very cute i jsut wanted to see another,g8rman21 
 one more,g8rman21 
 then ill quit bugging,g8rman21 
 there,princesskimmie1992 
 oooo pretty girl,g8rman21 
 mmmm',g8rman21 
 hehe,g8rman21 
 thxs,princesskimmie1992 
 so u in high school?,g8rman21 
 or still 8th grade,g8rman21 
8,princesskimmie1992 
 brb,princesskimmie1992 
 are you still there?,princesskimmie1992 
 yea,g8rman21 
 u?,g8rman21 
 hehe,g8rman21 
 ya what ru doin?,princesskimmie1992 
 playin a game,g8rman21 
 oh ok,princesskimmie1992 
 kewl,princesskimmie1992 
 u?,g8rman21 
 my friend called,princesskimmie1992 
 wuz talkin,princesskimmie1992 
 cool,g8rman21 
 so ur 14 right,g8rman21 
 th grade,g8rman21 
 got a q for ya,g8rman21 
 ya 8,princesskimmie1992 
 so dont tak ethis the wrong way but have u ever been with a guy...not askin for u to be with me jsut askin,g8rman21 
 ya i had bf's befor,princesskimmie1992 
 no i mean have u ever BEEN with them,g8rman21 
 u mean like sex,princesskimmie1992 
 yea like sex,g8rman21 
 didnt want to make u uncomfortable,g8rman21 
 i wuz gonna with my ex but we broke up,princesskimmie1992 
 h gotcha,g8rman21 
 so ur still a virgin then,g8rman21 
 ya is that lame,princesskimmie1992 
 no not at 14,g8rman21 
 its straight,g8rman21 
 what u mean?,princesskimmie1992 
 straight,princesskimmie1992 
 its cool,g8rman21 
 especially with a beauty like u ,g8rman21 
 hehe,g8rman21 
 u relly think so?,princesskimmie1992 
 from the pic i can see im thinkin so,g8rman21 
 def,g8rman21 
 ty,princesskimmie1992 
 ur cute in ur pic 2,princesskimmie1992 
 well thx,g8rman21 
 wait u see it now?,g8rman21 
 ur pic?,princesskimmie1992 
 yea,g8rman21 
 u couldnt see it earlier,g8rman21 
 which one is it,g8rman21 
 it looks like ur stickin ur head in a croc,princesskimmie1992 
 yea thats an alligator we hunted and killed this gator season,g8rman21 
 its real,g8rman21 
 wow kewl,princesskimmie1992 
 its dead rite,princesskimmie1992 
 yea,g8rman21 
 yea it was awesome,g8rman21 
 great fun,g8rman21 
 how come u hunt them,princesskimmie1992 
 sport and we eat the meat,g8rman21 
 tan the hide,g8rman21 
 and sell it,g8rman21 
 u eat it? ewe,princesskimmie1992 
 no u wouldnt believe how good it is,g8rman21 
 sounds nasty,princesskimmie1992 
 its excellent,g8rman21 
 whats ur name,princesskimmie1992 
 anthony,g8rman21 
 oh yea u told me sorry,princesskimmie1992 
 or tony if u want,g8rman21 
 yea,g8rman21 
 ts cool,g8rman21 
 u got a gf?,princesskimmie1992 
 no,g8rman21 
 and u and ur bf broke up right,g8rman21 
 ya,princesskimmie1992 
 his lose lol,princesskimmie1992 
 yea i know,g8rman21 
 so what happened,g8rman21 
 he cheated on me,princesskimmie1992 
 oh damn ,g8rman21 
 im sorry,g8rman21 
 its ok,princesskimmie1992 
 im over it,princesskimmie1992 
 thats good,g8rman21 
 so wher eu live asgn,g8rman21 
 sorry,g8rman21 
 where u live agn,g8rman21 
 kinda near daytona beach,princesskimmie1992 
 thats right,g8rman21 
 little ways from here not too far,g8rman21 
 kewl,princesskimmie1992 
 u go 2 skewl,princesskimmie1992 
 yea UF,g8rman21 
 kewl,princesskimmie1992 
 u like it,princesskimmie1992 
 love it,g8rman21 
 its great,g8rman21 
 what ru studying,princesskimmie1992 
 political science,g8rman21 
 oh ru gonna be pres sumday? lol,princesskimmie1992 
 hehe,g8rman21 
 i wish,g8rman21 
 no im plannin on joinin the CIA,g8rman21 
 for real?,princesskimmie1992 
 yea definately,g8rman21 
 thats really kewl,princesskimmie1992 
 thx,g8rman21 
 yw,princesskimmie1992 
 sorry had a fone call,g8rman21 
 its kewl,princesskimmie1992 
 u shuld come up sometime and i can show u around,g8rman21 
 hehe,g8rman21 
 how im gonna do that?,princesskimmie1992 
 i dont drive lol,princesskimmie1992 
 oh yea ur 14 damn,g8rman21 
 lol,g8rman21 
 lol,princesskimmie1992 
 well i may jsut have to come down there and give u a virtual tour,g8rman21 
 lol,g8rman21 
 for real?,princesskimmie1992 
 i as kiddin,g8rman21 
 oh,princesskimmie1992 
 ur parents would kill me and you if u had a` 21 yr old show up,g8rman21 
 lol,g8rman21 
 ya prolly but nobdys here lol,princesskimmie1992 
 hehe how longs that for,g8rman21 
 all weekend?,g8rman21 
 my moms on a cruise this wkend,princesskimmie1992 
 awesome,g8rman21 
 dad,g8rman21 
 ya its kewl,princesskimmie1992 
 he duznt live here,princesskimmie1992 
 oh im sorry,g8rman21 
 y sorry?,princesskimmie1992 
 sounded like a bad situation,g8rman21 
 no its kewl thy been divorce since i wuz little,princesskimmie1992 
 oh ok,g8rman21 
 so ur all alone ALL weekend?,g8rman21 
 ya til monday,princesskimmie1992 
 damn i could take advantage of this,g8rman21 
 lol,g8rman21 
 lol how u gonna do that?,princesskimmie1992 
 and you!,g8rman21 
 jk,g8rman21 
 lol,princesskimmie1992 
 lol,g8rman21 
 ill jsut have to come down there,g8rman21 
 u really wanna?,princesskimmie1992 
 ill drive on down,g8rman21 
 umm...why u want me to,g8rman21 
 i dunno mite be kewl,princesskimmie1992 
 what would you wanna do?,princesskimmie1992 
 whatever u let me do..to you...i mean...,g8rman21 
 hehe,g8rman21 
 lol,princesskimmie1992 
 like what?,princesskimmie1992 
 well we could jsut hang out at first,g8rman21 
 get to know each other,g8rman21 
 ya,princesskimmie1992 
 then do whatever...,g8rman21 
 and what do u mean by whatever lol,princesskimmie1992 
 u tryin to set me up for somethin here,g8rman21 
 hehe,g8rman21 
 jk,g8rman21 
 nooo what do u mean?,princesskimmie1992 
 lol,g8rman21 
 what?,princesskimmie1992 
 well lets see what would YOU like to do,g8rman21 
 that all depends on u,g8rman21 
 since ur only 14 i could get in alot of trouble if anything went down,g8rman21 
 i dont wanna get in trouble,princesskimmie1992 
 u wouldnt get in trouble ,g8rman21 
 and i wouldnt if no one found out,g8rman21 
 nobody would find out,princesskimmie1992 
 well thats cool,g8rman21 
 i am up for whatever,princesskimmie1992 
 im really bored,princesskimmie1992 
 hehe,g8rman21 
 what?,princesskimmie1992 
 me too,g8rman21 
 i just wish u were closer,g8rman21 
 ya me2,princesskimmie1992 
 how far is it?,princesskimmie1992 
 well u said ur south of daytona,g8rman21 
 ?,g8rman21 
 im not positive and my net is broken so i cant check,g8rman21 
 north of daytona,princesskimmie1992 
 oh ok,princesskimmie1992 
 were are u again?,princesskimmie1992 
 gainesville,g8rman21 
 i think thats like 2 hrs,princesskimmie1992 
 yea im pretty sure,g8rman21 
 thats not so far,princesskimmie1992 
 yea i know,g8rman21 
 just a littl eways,g8rman21 
 ya,princesskimmie1992 
 well one day,g8rman21 
 the only thing is my exam tonite,g8rman21 
 would be too late to leave out of here,g8rman21 
 oh that suxs,princesskimmie1992 
 i know,g8rman21 
 u have cam?,g8rman21 
 no i wish,princesskimmie1992 
 do u?,princesskimmie1992 
 no i need one tho,g8rman21 
 me2,princesskimmie1992 
 i asked for one for xmas,princesskimmie1992 
 cool,g8rman21 
 mee too,g8rman21 
 u have a test 2nite?,princesskimmie1992 
 yea,g8rman21 
 that suxs,princesskimmie1992 
 on a saturday?,princesskimmie1992 
 sux,g8rman21 
 i know oit,g8rman21 
 how come u got a test on saturday,princesskimmie1992 
 they jsut scheduled it that way,g8rman21 
 so u gotta go 2 skewl 2nite?,princesskimmie1992 
 or online,princesskimmie1992 
 well have to go to campus for test,g8rman21 
 my friends bro takes a online class i think that wuld b kewl,princesskimmie1992 
 oic,princesskimmie1992 
 yea i havve one too,g8rman21 
 but the tests are on campus,g8rman21 
 i see,princesskimmie1992 
 shouldnt u be studying then lol,princesskimmie1992 
 i have been for 3 days,g8rman21 
 straight,g8rman21 
 wow,princesskimmie1992 
 took off work and everything,g8rman21 
 is it gonna be a hard test?,princesskimmie1992 
 killer class,g8rman21 
 yea prolly,g8rman21 
 so u have a cell phone,g8rman21 
 ?,g8rman21 
 no ,princesskimmie1992 
 ahhh man,g8rman21 
 i no,princesskimmie1992 
 suxs,princesskimmie1992 
 hom ephone,g8rman21 
 /,g8rman21 
 ?,g8rman21 
 lol ya,princesskimmie1992 
 i would say id call u but that woud run up ur bill so much cuz my phone is long distrance,g8rman21 
 i can call u,princesskimmie1992 
 really?,g8rman21 
 ya if u want me2,princesskimmie1992 
 u have free long distance or nething,g8rman21 
 i got a calling card my dad gave me,princesskimmie1992 
 cool,g8rman21 
 thats up to u then,g8rman21 
 ya i will if u want me2,princesskimmie1992 
 my mom is sposed to call in a few minutes to check on me,princesskimmie1992 
 so i can after she calls,princesskimmie1992 
 ok thats cool,g8rman21 
 im not much of a phone person,g8rman21 
 jsut like hearin the voice of girls im meetin online,g8rman21 
 oh so u dont want me2?,princesskimmie1992 
 no yea id like u to just wanted to say that in case i sound weird or nething,g8rman21 
 oh ok,princesskimmie1992 
 whats ur number,princesskimmie1992 
5024454366,g8rman21 
 kay,princesskimmie1992 
 my moms sposed to call at 6,princesskimmie1992 
 ok cool,g8rman21 
 so like rite now lol,princesskimmie1992 
 ima wait til after she calls,princesskimmie1992 
 ok,g8rman21 
 let me know when she cxalls,g8rman21 
 ok,princesskimmie1992 
 she must be having fun lol,princesskimmie1992 
 hehe,g8rman21 
 u dont have call waiting,g8rman21 
 no,princesskimmie1992 
 oh ok,g8rman21 
 im gonna go ahead and call u ok?,princesskimmie1992 
 ok cool,g8rman21 
 u do u have a cute little accent,g8rman21 
 ,princesskimmie1992 
 hehe,g8rman21 
 oh geez fone brb,princesskimmie1992 
 ok good timin at least,g8rman21 
 ok back,princesskimmie1992 
 sorry,princesskimmie1992 
 ru there?,princesskimmie1992 
 yea im here,g8rman21 
 my bad,g8rman21 
 i was watchin this game ,g8rman21 
 was that ur mom,g8rman21 
 ya,princesskimmie1992 
 i think she wuz drunk lol,princesskimmie1992 
 hehe thats funny,g8rman21 
 shes havin a good time,g8rman21 
 good for her,g8rman21 
 ya it sounds like it,princesskimmie1992 
 you sound really cute,princesskimmie1992 
 i like your voice,princesskimmie1992 
 hehe u too,g8rman21 
 i love u acent,g8rman21 
 i dont have and accent lol,princesskimmie1992 
 yes u do,g8rman21 
 noooooo,princesskimmie1992 
 i didnt know i did either until i moved here,g8rman21 
 hehe,g8rman21 
 u really,g8rman21 
 do,g8rman21 
 and i lvoe it,g8rman21 
 ,princesskimmie1992 
 how come you said u mite sound weird?,princesskimmie1992 
 you dont sound weird,princesskimmie1992 
 i was sayin cuz sometimes when i first meet people im not always sure what to say when i talk to them on the phone,g8rman21 
 much better in person and on im,g8rman21 
 not sure why jsut me,g8rman21 
 ya i know what u mean,princesskimmie1992 
 hehe good im glad u do,g8rman21 
 some people are like whats wrong and then theres weird pauses and stuff,g8rman21 
 i jsut wanted to tell u,g8rman21 
 ok its kewl,princesskimmie1992 
 u werent hard 2 talk 2 lol,princesskimmie1992 
 i was a little nervus tho,princesskimmie1992 
 yea me too dont worry about it,g8rman21 
 its always weird first hearin someone and actually talkin to them,g8rman21 
 ALWAYS,g8rman21 
 IM is jsut so much easier tho,g8rman21 
 hehe,g8rman21 
 ya,princesskimmie1992 
 its hard if u dont know what to say and stuff on the fone,princesskimmie1992 
 i know,g8rman21 
 but online theres none of those weird awkward silences,g8rman21 
 ya rite,princesskimmie1992 
 when u gotta go 2 skewl?,princesskimmie1992 
 ya know'i have to leave abot 715,g8rman21 
 ok,princesskimmie1992 
 what u up to tonite,g8rman21 
 nuthin being bored,princesskimmie1992 
 mayb watch a movie or sumthin,princesskimmie1992 
 damn i wish we were closer,g8rman21 
 ya me2,princesskimmie1992 
 u dont have ne friends that ca drive,g8rman21 
 see if u all could leave now ud be here before i got out of m test',g8rman21 
 no if i did i wouldnt be stuck here lol,princesskimmie1992 
 hehe,g8rman21 
 true,g8rman21 
 i would so come down there,g8rman21 
 u really would?,princesskimmie1992 
 yea i would,g8rman21 
 ,princesskimmie1992 
 u sound too cute for words,g8rman21 
 hehe,g8rman21 
 2 bad u got a test,princesskimmie1992 
 i know it,g8rman21 
 how long will it take,princesskimmie1992 
 i dont know can u mapquest it for me,g8rman21 
 online,g8rman21 
 ya,princesskimmie1992 
 how long will ur test take,princesskimmie1992 
 im not sure,g8rman21 
" do it from gainesville, fl to ur address",g8rman21 
 it says 82 miles,princesskimmie1992 
 how long,g8rman21 
 2 hours,princesskimmie1992 
 hmmm,g8rman21 
 how does it say,g8rman21 
 go,g8rman21 
 hang on,princesskimmie1992 
 ok,g8rman21 
 do you know were 20 is?,princesskimmie1992 
 hlo?,princesskimmie1992 
 20?,g8rman21 
 umm,princesskimmie1992 
 it says SR20,princesskimmie1992 
 to SR100,princesskimmie1992 
 uhhh think so,g8rman21 
 yea,g8rman21 
 100 comes like almost rite 2 my house,princesskimmie1992 
 sr20,g8rman21 
 im tryin to think,g8rman21 
 i think i know what it is\,g8rman21 
 it says other stuff but thats like the main road,princesskimmie1992 
 ok sr20 to sr100,g8rman21 
 hmmm,g8rman21 
 how long on sr20,g8rman21 
 then how long on sr100,g8rman21 
 ?,g8rman21 
 im lookin its kinda hard 2 tell,princesskimmie1992 
 it looks like half and half,princesskimmie1992 
 ok,g8rman21 
 40 on 20 and 40 on 100,princesskimmie1992 
 lol,princesskimmie1992 
 im sorry im not very good with these maps,princesskimmie1992 
 ok gotcha,g8rman21 
 its ok ur helpin me,g8rman21 
 thx,g8rman21 
 dont wory,g8rman21 
 ok ,princesskimmie1992 
 but u said it says 2 hours,g8rman21 
 thats cool,g8rman21 
 is that wrong?,princesskimmie1992 
 i haveno idea,g8rman21 
 if thats what it says it should be right,g8rman21 
 thats what it says,princesskimmie1992 
 ok cool,g8rman21 
 well ill think,g8rman21 
 so ur there all by urself,g8rman21 
 i really wish i can come,g8rman21 
 ya i really am lol,princesskimmie1992 
 what would we do?,princesskimmie1992 
 i have no idea,g8rman21 
 i live at the beach but its kinda cold lol,princesskimmie1992 
 jsut chill all night i guess hang out tomorrow,g8rman21 
 see what ur really like,g8rman21 
 im nice lol,princesskimmie1992 
 hehe,g8rman21 
 i bet u are,g8rman21 
 u lok it,g8rman21 
 so do u,princesskimmie1992 
 do i what?,g8rman21 
 u look nice 2 lol,princesskimmie1992 
 oh think u,g8rman21 
 lol,princesskimmie1992 
 lol,g8rman21 
 ur welcome,princesskimmie1992 
 im seriously thinkin i could come down there for the night,g8rman21 
 but what about ur test?,princesskimmie1992 
 i mean afterwards,g8rman21 
 id be there late,g8rman21 
 like what time?,princesskimmie1992 
 if its 2 hrs it would be like 11ish,g8rman21 
 little after,g8rman21 
 so u would wanna like spend the nite?,princesskimmie1992 
 yea thats what i would have to do,g8rman21 
 if i came,g8rman21 
 ok,princesskimmie1992 
 so you just wanna hang out or what?,princesskimmie1992 
 well we could see where things went...;),g8rman21 
 what do you mean?,princesskimmie1992 
 well u know,g8rman21 
 no tell me lol ,princesskimmie1992 
 well we could just watch a movie or somethin then if nething happens it happens,g8rman21 
 the only thing is no one oculd ever know,g8rman21 
 NO ONE,g8rman21 
 ya i know because i dont wanna get in trouble,princesskimmie1992 
 but i want to know what you mite wanna do,princesskimmie1992 
 why?,g8rman21 
 he,g8rman21 
 cuz well im kinda embaras 2 say,princesskimmie1992 
 u dont wanna do nething then its all cool,g8rman21 
 ya but what if i do,princesskimmie1992 
 if u do thenwed have to see,g8rman21 
 cuz it would be a big risk for me,g8rman21 
 how come?,princesskimmie1992 
 becuz ur not of age,g8rman21 
 oohhh ok,princesskimmie1992 
 i n case somethin happened while i was there...sexually,g8rman21 
 would u really wanna do that with me tho?,princesskimmie1992 
 like i said that would be up to u,g8rman21 
 ok,princesskimmie1992 
 well i wanna try it but i dont wanna get preg u no,princesskimmie1992 
 yea i know thats what protection is for,g8rman21 
 would u bring some?,princesskimmie1992 
 of course ,g8rman21 
 ok,princesskimmie1992 
 in case,g8rman21 
 rite,princesskimmie1992 
 my keybord keeps getting stuck,princesskimmie1992 
 ehe,g8rman21 
 ok well i have to run to tak emy test,g8rman21 
 ok u gonna be back?,princesskimmie1992 
 yea ill leave it logged on in case u wanna send me a message...,g8rman21 
 ill be back in a bit,g8rman21 
 kay,princesskimmie1992 
 good luck on ur test,princesskimmie1992 
 thx,g8rman21 
 tty soon,g8rman21 
 cya,g8rman21 
 kay,princesskimmie1992 
 bye,princesskimmie1992 
 hope u do good on your test,princesskimmie1992 
 ,princesskimmie1992 
 hey,g8rman21 
 hi ,princesskimmie1992 
 just go thome,g8rman21 
 did you do good?,princesskimmie1992 
 i think so,g8rman21 
 kewl,princesskimmie1992 
 yup,g8rman21 
 so im really wantin got come,g8rman21 
 for real?,princesskimmie1992 
 yea i thought about it the wholetime,g8rman21 
 me too,princesskimmie1992 
 so u wanna come like now?,princesskimmie1992 
 ima run out and see if i can see the shuttle brb,princesskimmie1992 
 i think so,g8rman21 
 shuttle?,g8rman21 
 kay back sorry,princesskimmie1992 
 that was sooooo kewl,princesskimmie1992 
 its alright,g8rman21 
 what was it,g8rman21 
 what shuttle?,g8rman21 
 umm i dunno at cape canaveral ,princesskimmie1992 
 oh ok,g8rman21 
 it wuz kewl u could see it,princesskimmie1992 
 thats awesome,g8rman21 
 ya it wuz,princesskimmie1992 
 thats cool,g8rman21 
 was it takin off?,g8rman21 
 ya ,princesskimmie1992 
 cool,g8rman21 
 im all like outta breath now,princesskimmie1992 
 hehe,g8rman21 
 it was awsum,princesskimmie1992 
 what for,g8rman21 
 i ran back up here,princesskimmie1992 
 oh hehe,g8rman21 
 u upstairs,g8rman21 
 ?,g8rman21 
 no i went down to the street to watch,princesskimmie1992 
 gotcha,g8rman21 
 so you gonna come?,princesskimmie1992 
 i want to bad,g8rman21 
 ,princesskimmie1992 
 me2,princesskimmie1992 
 soooo...,princesskimmie1992 
 i want to...i jsut wish my net was workin so i could mapquest it myself,g8rman21 
 see where it was,g8rman21 
 oh,princesskimmie1992 
 i can like send it to u i guess,princesskimmie1992 
 ok this is what i ned u to do,g8rman21 
 mapqest it again,g8rman21 
 then when u do tell,g8rman21 
 me,g8rman21 
 this time do it from,g8rman21 
 to ur address,g8rman21 
 ok,princesskimmie1992 
 when u do tell me,g8rman21 
 ok got it,princesskimmie1992 
 dont worry about the map,g8rman21 
 what is the first thing on the lst it says to do,g8rman21 
 go north from SW34th ,princesskimmie1992 
 ok,g8rman21 
 to archer?,g8rman21 
 *edit detailed mapquest driving directions*,princesskimmie1992 
 i copy it that ok?,princesskimmie1992 
 i think so im tryin to figure out where these plcs are,g8rman21 
 theres more,princesskimmie1992 
 yea ok,g8rman21 
 *edit detailed mapquest directions*,princesskimmie1992 
 hmmm...ok,g8rman21 
 do u know were that is?,princesskimmie1992 
 i think o,g8rman21 
 ok,princesskimmie1992 
 what after sr100,g8rman21 
 *edit detailed mapquest directions*,princesskimmie1992 
 how long does it say,g8rman21 
 it says 88 miles 2 hours 12 mins,princesskimmie1992 
 ok,g8rman21 
 is that to far?,princesskimmie1992 
 no i really wanna come,g8rman21 
 been a while since ive een this spontaneous,g8rman21 
 ,princesskimmie1992 
 im sooo excited lol,princesskimmie1992 
 hehe,g8rman21 
 when u gonna leeve,princesskimmie1992 
 im thinkin still...,g8rman21 
 oh,princesskimmie1992 
 it will be soon tho,g8rman21 
 so u dont know if u wanna?,princesskimmie1992 
 yes i know i want to,g8rman21 
 ok ,princesskimmie1992 
 u dont seem sure tho,princesskimmie1992 
 i know i want to,g8rman21 
 heres what keeps goin through my head tho,g8rman21 
 like i know ur real cuz i talked to u on the phone,g8rman21 
 ya lol,princesskimmie1992 
 its just ur 14 and im 21 if NEONE finds out i could get in so much troblke,g8rman21 
 and im sure u have neighbors,g8rman21 
 im not gonna tell nebody,princesskimmie1992 
 i know,g8rman21 
 i dont wanna get in trouble neether,princesskimmie1992 
 i dont want u to,g8rman21 
 well if u dont want 2 im not gonna beg or nething,princesskimmie1992 
 i want u to,princesskimmie1992 
 i want to very bad,g8rman21 
 so then come,princesskimmie1992 
 i know im really thinkin about it,g8rman21 
 ok,princesskimmie1992 
 ok i think im goin to,g8rman21 
 really?,princesskimmie1992 
 yea,g8rman21 
 yay,princesskimmie1992 
 ,princesskimmie1992 
 u think i should?,g8rman21 
 ya we will have fun,princesskimmie1992 
 ok,g8rman21 
 ur not gonna like stand me up ru?,princesskimmie1992 
 no,g8rman21 
 if i decide to come and i say i wil...i will,g8rman21 
 ey i jsut tried callin u,g8rman21 
 u did?,princesskimmie1992 
 yea ,g8rman21 
 the fone didnt ring,princesskimmie1992 
 whats ur last name,g8rman21 
 connnor,princesskimmie1992 
 yea i had the right number cuz i got the answering machin,g8rman21 
 thats weerd,princesskimmie1992 
 did u leeve a message?,princesskimmie1992 
 no,g8rman21 
 calling right now,g8rman21 
 kay lemme get the fone,princesskimmie1992 
 something wrong with it,princesskimmie1992 
 what?,g8rman21 
 something is wrong with my fone,princesskimmie1992 
 oh,g8rman21 
 hmmm,g8rman21 
 i cant like get the dial tone ,princesskimmie1992 
 ok when i say pick up the phone,g8rman21 
 ok,princesskimmie1992 
 now,g8rman21 
 theres nothing,princesskimmie1992 
 hmmm,g8rman21 
 i dont know,g8rman21 
 im gonna unplug it and plug it bakc,princesskimmie1992 
 ok,g8rman21 
 brb,princesskimmie1992 
 ok,g8rman21 
 kay,princesskimmie1992 
 its still not doing nething,princesskimmie1992 
 i dont know,g8rman21 
 me neether,princesskimmie1992 
 it was just working when i talk 2 my mom,princesskimmie1992 
 ok im gonna write these directions down realk fast,g8rman21 
 ok,princesskimmie1992 
 i gotta go p brb,princesskimmie1992 
 okie,g8rman21 
 kay back,princesskimmie1992 
 ru there?,princesskimmie1992 
 yes copyin directions sorry,g8rman21 
 ok,princesskimmie1992 
 ru done yet? lol,princesskimmie1992 
 almost,g8rman21 
 ok think i got it,g8rman21 
 yay!,princesskimmie1992 
 i think the battry is dead on my fone,princesskimmie1992 
 ohhhh,g8rman21 
 gotcha,g8rman21 
 hang it up,g8rman21 
 ya i put it on there 2 charge,princesskimmie1992 
 oh ok,g8rman21 
 good,g8rman21 
 so whats ur house look like,g8rman21 
 its yellow,princesskimmie1992 
 3 storys,princesskimmie1992 
 im on the bottom,princesskimmie1992 
 ok,g8rman21 
 u think u can find it?,princesskimmie1992 
 i think so,g8rman21 
 *edit address*,princesskimmie1992 
 ok cool,g8rman21 
 when u gonna leeve?,princesskimmie1992 
 soon,g8rman21 
 however if i do this ur gonna be up late,g8rman21 
 lol ya,princesskimmie1992 
 its ok,princesskimmie1992 
 cuz i wont get therre til like midnight,g8rman21 
 u sure,g8rman21 
 ya,princesskimmie1992 
 i slep til like 11 2day lol,princesskimmie1992 
 hehe,g8rman21 
 what kinda car do u have,princesskimmie1992 
 an older saturn,g8rman21 
 ok,princesskimmie1992 
 what color is it s,princesskimmie1992 
 maroon,g8rman21 
 so i know ur here,princesskimmie1992 
 kay,princesskimmie1992 
 im soooo excited ,princesskimmie1992 
 hehe me too,g8rman21 
 im glad u are,g8rman21 
 lol,princesskimmie1992 
 so hurry up and leeve lol,princesskimmie1992 
 ok i will,g8rman21 
 give me a couple mins and ill be out of here ill let u know before i leave,g8rman21 
 ok,princesskimmie1992 
 gotta finish up online with a couple friends and ill be out,g8rman21 
 ok,princesskimmie1992 
 ok im doin it headin out,g8rman21 
 yay ,princesskimmie1992 
 be careful,princesskimmie1992 
 i will let me try and csll to see if it works,g8rman21 
 kay,princesskimmie1992 
 nething,g8rman21 
 no,princesskimmie1992 
 ,princesskimmie1992 
 damn,g8rman21 
 so no phone in house,g8rman21 
 its prolly gotta charge 4 a wile,princesskimmie1992 
 it mite work l8ter,princesskimmie1992 
 try callin me,g8rman21 
 its not doin nuthing,princesskimmie1992 
 ok well ill head down,g8rman21 
 if not,g8rman21 
 u got ur fone?,princesskimmie1992 
 ur a yellow building ,g8rman21 
 ya,princesskimmie1992 
 is ur fone a cell,princesskimmie1992 
 yesa,g8rman21 
 yea,g8rman21 
 ok,princesskimmie1992 
 it shuld work after a little bit i think,princesskimmie1992 
 u only have one phone in house?,g8rman21 
 ya,princesskimmie1992 
 damn,g8rman21 
 ok,g8rman21 
 sorry,princesskimmie1992 
 well ur on the bottomw floor u said,g8rman21 
 ya,princesskimmie1992 
 ok only one door,g8rman21 
 ya,princesskimmie1992 
 ok well jsut about midnight or so be lokin for me,g8rman21 
 ok,princesskimmie1992 
 im excited,g8rman21 
 if i hafta i will go borrow the neighbors fone or sumthin,princesskimmie1992 
 ok u know the neighbors,g8rman21 
 no not relly thyr renters,princesskimmie1992 
 ok,g8rman21 
 well ill talk to ya in a bit,g8rman21 
 kay,princesskimmie1992 
 cya u sweet little country thang,g8rman21 
 lol,princesskimmie1992 
 hehe,g8rman21 
 im NOT,princesskimmie1992 
 hehe,g8rman21 
 ok we'll see,g8rman21 
 tty soon,g8rman21 
 kay bye,princesskimmie1992 
 ,princesskimmie1992 
 ,g8rman21 
 hey u there still,g8rman21 
 ya,princesskimmie1992 
 ok u still have my number,g8rman21 
 ya i wrote it down,princesskimmie1992 
 ok cool,g8rman21 
 tty soon,g8rman21 
 kay,princesskimmie1992 
 hurry lol,princesskimmie1992 
 i am,g8rman21 
 ,princesskimmie1992 
